kepoi_name,confirmation_probability
K00315.01,0.9999999997187743
K01475.02,0.9999999996162972
K01871.02,0.9999999990626272
K00865.01,0.9999999990405413
K00415.01,0.9999999989242563
K00211.01,0.9999999977192062
K01466.01,0.9999999969571933
K00339.03,0.9999999965062261
K01239.02,0.9999999963535722
K03319.01,0.9999999957574093
K00253.02,0.999999995279075
K01574.03,0.9999999946961828
K01986.02,0.9999999943656179
K02055.03,0.9999999927336869
K01276.02,0.9999999922335826
K01261.02,0.9999999916840988
K03864.02,0.9999999916395504
K02503.01,0.9999999914251619
K02169.02,0.9999999906040785
K04136.02,0.9999999905226585
K02393.01,0.9999999904643414
K00191.02,0.9999999902712008
K00102.01,0.9999999897770536
K00141.01,0.9999999892305641
K00239.02,0.9999999884984386
K01089.02,0.9999999881338898
K00253.01,0.999999987853151
K00191.03,0.9999999870107932
K01053.02,0.9999999861559328
K01303.01,0.9999999853783506
K01590.01,0.9999999851209875
K00691.01,0.9999999848319141
K02174.02,0.999999984445803
K00935.04,0.9999999834294098
K00928.01,0.999999982521146
K01871.01,0.9999999818266164
K01315.01,0.9999999803630008
K02853.01,0.9999999802448463
K00289.01,0.9999999801692354
K02582.01,0.9999999784978961
K02469.01,0.9999999784245881
K02449.01,0.9999999781633364
K02527.01,0.9999999776253087
K03864.01,0.9999999767329156
K01276.01,0.9999999748001687
K01082.01,0.9999999745168311
K01475.01,0.9999999743897787
K04032.05,0.9999999737765215
K01590.02,0.9999999716454576
K02588.01,0.9999999703401257
K00308.01,0.9999999702467064
K01475.03,0.999999968220023
K03052.02,0.999999965088462
K02124.01,0.9999999632232472
K02373.01,0.9999999625460895
K03403.02,0.999999962351278
K02321.01,0.9999999619045575
K01860.03,0.9999999618251844
K02220.04,0.9999999606738526
K00298.02,0.9999999606462211
K02083.01,0.9999999600516623
K00316.03,0.9999999585719549
K00288.01,0.9999999580057177
K01165.01,0.9999999572625213
K02553.01,0.9999999562802596
K00177.01,0.9999999544761818
K00641.01,0.9999999543529222
K01934.01,0.999999953650699
K01715.01,0.9999999535481706
K01857.01,0.9999999534528099
K02963.02,0.9999999522015793
K02297.01,0.9999999509635726
K02543.01,0.9999999509528534
K02130.01,0.9999999506165385
K02871.02,0.9999999504437191
K01082.02,0.9999999501167349
K02043.01,0.9999999496162301
K01602.02,0.9999999475495099
K00388.01,0.9999999426659154
K01411.01,0.9999999421125387
K02264.02,0.999999940528693
K02848.01,0.9999999399428874
K03344.01,0.9999999385336578
K01369.01,0.999999936700694
K02332.01,0.9999999364930168
K00593.03,0.9999999364779293
K01597.01,0.9999999355808998
K01602.01,0.9999999355646904
K00958.01,0.9999999354993067
K04288.02,0.9999999354460893
K01928.01,0.9999999330258584
K01082.04,0.9999999322682821
K02579.01,0.9999999302016198
K01861.01,0.999999929614824
K02420.02,0.9999999289980975
K02358.01,0.999999928752711
K00427.01,0.999999928585628
K04004.01,0.999999927359017
K02479.01,0.9999999253071059
K02393.02,0.9999999252880147
K02417.01,0.9999999244480723
K01151.04,0.999999923915843
K01974.01,0.999999922412369
K00900.01,0.9999999222133981
K01246.01,0.9999999205062294
K00645.02,0.99999991979362
K01169.01,0.9999999192114887
K04409.01,0.9999999190259589
K00349.01,0.9999999180416804
K00373.01,0.9999999177551616
K01917.01,0.9999999142194835
K02293.01,0.9999999126278162
K00354.02,0.9999999121961528
K03020.01,0.9999999117704845
K02082.01,0.9999999109094247
K02890.01,0.9999999090788145
K02135.02,0.9999999087473362
K00353.02,0.9999999064253823
K01671.01,0.9999999056088416
K04136.01,0.999999903566055
K02971.01,0.9999999029648835
K01704.01,0.9999999025491018
K01145.01,0.9999999004702672
K04452.01,0.9999999001568214
K03111.01,0.999999899738424
K03341.02,0.9999998988983367
K03943.01,0.9999998970740575
K01236.04,0.9999998951078696
K04505.01,0.9999998916919639
K02132.01,0.9999998915635921
K03019.01,0.9999998904990424
K00474.03,0.9999998899255983
K03226.01,0.9999998882553129
K02158.01,0.9999998877705168
K00319.01,0.9999998819696753
K02422.02,0.9999998815998481
K03680.01,0.9999998809176627
K00612.03,0.9999998802211995
K00501.01,0.9999998754604678
K02291.01,0.9999998730924183
K02219.01,0.9999998718898022
K00974.01,0.9999998703250027
K01051.01,0.999999870175452
K01375.01,0.9999998665435694
K02559.01,0.9999998658146316
K02637.01,0.9999998646083507
K02579.03,0.9999998638221154
K03470.01,0.9999998613994078
K03310.01,0.9999998609934799
K00841.03,0.9999998604478714
K04021.01,0.9999998578135441
K00704.01,0.9999998574596954
K03444.01,0.999999856964626
K00268.01,0.9999998565600029
K02631.01,0.9999998496514624
K00103.01,0.9999998490109699
K02174.01,0.9999998460355051
K02039.01,0.9999998446253221
K02367.01,0.9999998408026856
K02571.01,0.9999998403637551
K02871.01,0.9999998364653025
K01408.01,0.9999998338422106
K00350.01,0.9999998325369538
K00099.01,0.9999998324431102
K00375.01,0.999999831980716
K01822.01,0.9999998313240392
K02319.01,0.999999829181042
K01590.03,0.9999998289781821
K00430.02,0.9999998283178179
K02159.01,0.9999998199386733
K01358.02,0.9999998174620996
K01831.03,0.9999998089853871
K03482.01,0.9999998087769534
K01656.01,0.9999998040469618
K04288.04,0.9999997973243717
K01480.02,0.9999997973062473
K04377.01,0.9999997952189976
K01738.01,0.9999997930321398
K01985.01,0.9999997924068307
K02720.01,0.9999997913012775
K02686.01,0.9999997828118862
K01972.01,0.9999997820880904
K02477.01,0.9999997761905636
K02516.01,0.9999997749786371
K02715.03,0.9999997747754185
K02257.02,0.9999997745806739
K04431.01,0.9999997711028599
K04773.01,0.9999997702497724
K03420.01,0.9999997624717913
K02523.02,0.9999997602025883
K02325.01,0.9999997523673234
K01944.01,0.9999997489698806
K00252.01,0.9999997487604512
K03448.01,0.9999997430229911
K02984.01,0.9999997390537557
K02732.04,0.9999997333909192
K00379.02,0.9999997282372107
K02310.01,0.9999997229306589
K03094.01,0.999999722375716
K02290.01,0.9999997216147849
K02534.02,0.9999997190511182
K01527.01,0.9999997189585373
K02522.01,0.9999997175096776
K02065.01,0.999999716721366
K03041.01,0.9999997101320922
K03226.02,0.9999997073406416
K02760.01,0.9999997060968504
K04385.01,0.9999996988554273
K01563.03,0.9999996987674277
K02757.01,0.9999996950767641
K02764.01,0.9999996924006169
K01627.02,0.9999996742293493
K02579.02,0.9999996737386122
K03474.01,0.9999996598085572
K02569.01,0.999999657615896
K04205.01,0.9999996466403617
K02802.01,0.9999996453690198
K00221.02,0.9999996343824982
K02759.01,0.9999996336693505
K04633.01,0.9999996288364105
K02878.01,0.9999996200652155
K02009.01,0.999999617405994
K03341.01,0.9999996164991242
K00892.02,0.9999996083781654
K04840.01,0.999999604872075
K02229.01,0.9999996010457706
K00626.02,0.9999995991700618
K03876.01,0.9999995987916479
K05384.01,0.9999995936577594
K01878.01,0.9999995880520923
K02357.01,0.9999995869109047
K03909.01,0.9999995816766316
K02204.01,0.9999995799940457
K05361.01,0.9999995758988505
K02581.01,0.999999570841276
K02675.02,0.999999568943162
K00896.03,0.9999995600458319
K02169.03,0.9999995578539796
K01574.04,0.9999995532109687
K00555.02,0.999999552854446
K00592.01,0.9999995526953658
K02357.02,0.9999995430363654
K01708.01,0.9999995343059102
K02351.01,0.9999995316826656
K06557.01,0.9999995184342018
K00005.01,0.9999995145122106
K01808.01,0.999999507386131
K01239.01,0.9999995052856188
K01477.01,0.9999995026169939
K02690.01,0.9999994961991501
K02521.02,0.9999994911652734
K02972.01,0.9999994892897034
K04570.01,0.9999994825469327
K04341.01,0.9999994766267565
K02840.01,0.9999994674859372
K00683.01,0.9999994641505774
K00367.01,0.9999994620509481
K04772.01,0.9999994569896355
K03095.01,0.9999994552300392
K02294.01,0.9999994521742154
K01311.01,0.9999994521488996
K01258.03,0.9999994500230478
K02927.01,0.9999994499533719
K01750.02,0.9999994438370303
K02490.01,0.9999994415724506
K01397.01,0.9999994342292094
K04267.01,0.9999994166807563
K02829.01,0.9999994066644847
K02949.02,0.999999400868106
K02585.03,0.9999993899650537
K02656.01,0.9999993694618446
K02191.01,0.9999993692324642
K02696.02,0.9999993632325568
K00092.01,0.9999993347124759
K01969.01,0.9999993294715632
K03052.01,0.9999993283147854
K02243.03,0.9999993185892222
K01358.03,0.9999993114564885
K02064.01,0.9999993057145797
K01404.02,0.9999992986999613
K03165.01,0.9999992915466375
K04145.01,0.9999992754773055
K02942.02,0.9999992751770008
K00227.01,0.9999992720170056
K01864.01,0.9999992690853583
K00269.01,0.9999992690801573
K04054.01,0.9999992648980983
K04500.02,0.9999992630643222
K00351.07,0.9999992615943346
K04273.01,0.9999992530301456
K03398.02,0.9999992393886526
K03500.01,0.9999992209619804
K02471.01,0.9999992129989265
K05552.01,0.9999992119311558
K03119.01,0.9999992010941247
K00635.01,0.9999991988849543
K01029.01,0.9999991731965442
K04302.01,0.9999991671812477
K01151.05,0.9999991589281425
K01784.01,0.9999991467707153
K01831.04,0.9999991428133281
K00353.03,0.9999991312910989
K02626.01,0.9999991307401466
K01537.01,0.9999991303174324
K04914.01,0.9999991259643103
K00212.01,0.9999991236820142
K03043.01,0.9999991195896558
K01030.01,0.9999991176259283
K05155.01,0.9999991164749064
K02263.01,0.9999991141389641
K07279.01,0.9999990853647717
K03088.01,0.9999990851931975
K04524.03,0.9999990503234445
K00682.01,0.9999990479878725
K03371.01,0.9999990429181097
K01648.01,0.9999990261736547
K01393.01,0.9999990078068418
K04541.02,0.9999990031534578
K02855.01,0.999998998330014
K00531.01,0.9999989832899575
K03397.01,0.9999989615000247
K01552.01,0.9999989577708064
K04725.01,0.9999989574076177
K01910.02,0.9999989518487833
K02583.01,0.9999989502264077
K00945.01,0.9999989341735498
K02970.01,0.9999989274314447
K00521.01,0.9999989224135221
K04735.01,0.9999989171742539
K02915.01,0.9999989141467187
K02450.02,0.9999988900930206
K01659.01,0.9999988894108947
K03394.01,0.9999988874413667
K01901.01,0.9999988655102753
K00972.01,0.9999988348168923
K03323.01,0.999998833156736
K02840.02,0.9999988304327908
K03128.01,0.9999988282290445
K00089.02,0.9999988224276453
K01494.01,0.9999988058193824
K04526.02,0.9999987987696294
K02248.03,0.9999987982921953
K01962.01,0.9999987959936044
K02859.04,0.9999987927599047
K05831.01,0.9999987680987327
K02706.01,0.9999987640122079
K02250.01,0.9999987487609578
K03209.02,0.9999987152403768
K01573.01,0.99999870084033
K00750.03,0.9999986925953033
K02237.01,0.9999986863201076
K01316.01,0.999998684614663
K04323.01,0.9999986703331688
K00992.02,0.999998661320148
K00332.02,0.9999986250648494
K02076.01,0.9999986207478969
K02949.01,0.9999986147814143
K02716.02,0.9999986099357951
K06994.01,0.9999986025959481
K01685.01,0.9999985968180769
K00696.01,0.9999985923691451
K00760.01,0.9999985752983985
K01359.01,0.9999985570293295
K05327.01,0.9999985464572789
K00426.01,0.999998533764733
K02862.01,0.9999985337436849
K04904.01,0.9999985059044288
K03681.02,0.999998497180324
K00950.01,0.9999984957804187
K04524.02,0.9999984940893492
K03493.01,0.9999984646431311
K02091.01,0.999998461358258
K01336.04,0.9999984566162766
K02603.01,0.9999984559763356
K02232.01,0.9999984455273369
K05597.01,0.9999984394366732
K03091.01,0.9999984362467573
K03500.02,0.9999984230096983
K00416.03,0.9999984011688178
K01498.02,0.9999984005413552
K03123.01,0.9999983809678825
K02248.01,0.9999983638992641
K03111.02,0.9999983445979831
K02807.01,0.9999983412926337
K03034.01,0.9999983335626318
K00687.01,0.9999982868885489
K01358.01,0.9999982711189729
K02597.03,0.9999982324093877
K04156.01,0.999998220812
K04442.01,0.9999982041941526
K01489.01,0.9999981874094573
K01437.01,0.9999981851424121
K01863.01,0.9999981763425729
K03130.02,0.9999981396795499
K01358.04,0.9999981211565483
K04661.01,0.9999980806053644
K05692.01,0.9999980560649636
K01562.02,0.9999979982003464
K01201.01,0.9999979963869728
K04069.01,0.9999979844611965
K01681.01,0.9999979643431679
K04627.01,0.999997955829437
K02361.01,0.9999979172350801
K01191.01,0.9999979053434975
K00734.02,0.9999978922502244
K02504.01,0.9999978687253106
K03420.02,0.9999978465181597
K01429.01,0.9999978273302509
K01499.03,0.9999978183012094
K03309.01,0.9999978146433689
K02040.01,0.9999978119805449
K06849.01,0.9999977661844078
K02658.01,0.9999977610024007
K01720.01,0.9999977208352943
K03069.01,0.9999977074947484
K00247.01,0.9999977054382122
K02733.01,0.9999977017702081
K03040.01,0.9999976880085244
K04557.01,0.9999976860412392
K02657.01,0.9999976812638782
K02551.01,0.9999975836509
K02687.02,0.9999975823519262
K02638.01,0.9999975576005632
K04691.01,0.9999975574217584
K04149.02,0.9999975562075456
K00082.06,0.9999975176720857
K04014.01,0.9999975157617507
K05426.01,0.9999975091168994
K04495.01,0.9999974933898245
K01943.01,0.9999974633246805
K03434.01,0.9999974139487956
K04443.01,0.9999974092006482
K02851.01,0.9999974056857089
K02860.01,0.9999973739743782
K04318.01,0.9999973008708047
K02691.01,0.9999972873932007
K00994.01,0.9999972823850436
K02066.01,0.9999972582043289
K02636.01,0.9999972279657164
K04320.01,0.9999971737266429
K04526.01,0.9999971094398916
K04766.01,0.999997105064943
K06707.01,0.9999970038387449
K00868.01,0.9999969942786927
K04541.01,0.9999969669806502
K01833.02,0.9999969396551641
K02084.01,0.9999969123897493
K02158.02,0.999996874240269
K02263.03,0.999996822026907
K00075.01,0.999996764762424
K02250.02,0.9999967527486033
K01627.03,0.99999674961055
K04854.01,0.999996737791022
K02849.01,0.9999967072534697
K04150.01,0.9999966889521733
K06978.01,0.999996624395504
K02803.01,0.999996586596078
K04550.01,0.9999965539103401
K04245.01,0.9999965423003778
K02971.02,0.999996492942463
K03031.01,0.9999964812360002
K03384.01,0.99999647146578
K01015.03,0.9999964690376201
K02641.01,0.9999964680004344
K01619.01,0.9999964669644988
K02298.01,0.999996425571036
K02554.02,0.9999964042515428
K03045.01,0.999996395677621
K01127.03,0.9999963884870688
K02433.04,0.9999963872749249
K01431.01,0.9999963736238996
K02186.01,0.9999963456060763
K02694.02,0.9999962913594094
K02538.01,0.9999962323506496
K01175.02,0.999996205613136
K03337.01,0.9999961854542756
K02835.01,0.9999961241926412
K04296.01,0.9999961199689923
K04477.01,0.9999961082913202
K02489.01,0.999996087389433
K02942.01,0.9999959851935453
K01085.01,0.9999959784431113
K04427.01,0.999995889473142
K04972.01,0.9999957939262603
K01630.01,0.9999957663564955
K04601.01,0.9999957651065353
K03925.01,0.9999957516670244
K01947.01,0.9999956828480779
K01399.01,0.9999956771736379
K04149.01,0.9999956493265989
K02467.01,0.9999956460471177
K02674.01,0.9999956326212451
K02958.01,0.9999955848863287
K00533.02,0.9999955563137266
K01338.02,0.9999955545318081
K02486.01,0.9999955100966197
K04716.01,0.9999954306646911
K04447.01,0.9999954196561489
K02525.01,0.9999953472148055
K05098.01,0.9999952268435572
K01510.01,0.9999951225393539
K01968.01,0.999995085817577
K03083.01,0.9999950805518087
K03401.01,0.9999950726513457
K02989.01,0.9999949773511541
K04123.01,0.9999949587033155
K00280.01,0.9999949465651734
K02380.01,0.9999949391583175
K04482.01,0.9999948810602366
K05761.01,0.9999948797419448
K03991.01,0.9999948660637851
K03140.01,0.9999948551113719
K04622.02,0.9999948142233254
K00506.01,0.9999947317056411
K02174.03,0.9999947095041734
K04022.01,0.9999945895480348
K04891.01,0.9999945851146826
K00524.01,0.9999945379403786
K02462.01,0.9999945374890091
K03209.01,0.9999944138316812
K01843.02,0.9999944105436712
K03090.01,0.9999943097967561
K04367.01,0.9999942958653376
K04877.01,0.9999942694695302
K06475.01,0.9999942624575241
K00577.01,0.9999942081149681
K00924.01,0.9999941799420623
K04657.01,0.9999940481104896
K04554.01,0.9999940374313014
K04586.01,0.9999940021016922
K02547.01,0.9999939998935138
K01362.01,0.9999939666664932
K04567.02,0.9999939514718914
K00945.02,0.999993831302171
K03007.01,0.9999937404051503
K04226.01,0.9999936900471549
K04346.01,0.9999935397678525
K04602.01,0.9999935182716468
K02154.01,0.9999934434308554
K03142.01,0.9999933982392588
K02531.01,0.999993388390866
K02056.01,0.9999933825838145
K04524.01,0.9999933778460909
K03283.02,0.9999932897877718
K01547.01,0.9999932638884304
K01271.01,0.9999932297119367
K02900.01,0.9999930143121837
K02415.01,0.9999930068621944
K05855.01,0.9999929690651271
K03236.01,0.9999929570178655
K00686.01,0.9999929251151954
K00473.01,0.9999928436957886
K07332.01,0.9999928055992328
K06217.01,0.9999927886435988
K01897.01,0.999992770230858
K02976.01,0.9999927091159985
K00266.02,0.9999926867364618
K02722.05,0.9999926358349143
K02172.01,0.9999925645718526
K01892.01,0.999992539483818
K03203.01,0.999992529555802
K04252.01,0.9999925126026704
K02948.01,0.9999924757791435
K00616.01,0.9999924568228405
K02199.01,0.999992423424104
K05040.01,0.9999924053753264
K00959.01,0.9999923300327666
K07759.01,0.999992296978303
K03801.01,0.9999921016191134
K03908.01,0.9999919668257202
K04826.01,0.999991752754172
K00810.01,0.9999917509049682
K02577.01,0.9999916642476241
K02750.01,0.9999916601976472
K02796.01,0.9999916238461626
K01573.02,0.9999915314308612
K05748.01,0.9999915297610981
K03459.01,0.9999915138532414
K03271.02,0.9999914590528954
K03307.01,0.999991442736943
K04421.01,0.9999914024021386
K03264.01,0.9999913208141403
K04467.01,0.9999912661772197
K02992.01,0.9999911902980799
K02700.01,0.999991177232314
K04184.01,0.9999911765562975
K06299.01,0.9999911609243557
K04885.01,0.9999910247588814
K01357.01,0.9999907991074695
K01522.02,0.9999907662511394
K02779.01,0.999990723178971
K03460.01,0.9999906724641137
K03004.02,0.9999906328959057
K04748.01,0.9999905972404876
K04484.01,0.9999905773775196
K00601.02,0.9999904993681099
K04715.01,0.9999904620276948
K06546.01,0.9999904019866186
K04334.01,0.9999903370815515
K01170.01,0.9999903161695367
K02755.01,0.9999902782406955
K03339.01,0.9999902551406455
K02906.03,0.9999901970597448
K02199.02,0.9999901638391238
K01964.01,0.9999901625118889
K02216.01,0.9999901044892843
K02859.05,0.9999900964826898
K00120.01,0.9999900865346917
K04523.01,0.999990079920139
K02957.01,0.9999899541411076
K02560.01,0.9999898610966518
K06104.01,0.9999897704578001
K03050.01,0.9999896968612814
K06680.01,0.9999896582101656
K03347.01,0.999989541917819
K01783.01,0.9999894901690566
K02184.02,0.9999893449043611
K04759.01,0.9999892206898024
K03408.01,0.9999891323319601
K03073.01,0.9999891047535654
K01733.01,0.9999889028041552
K02550.01,0.9999888692034606
K02572.01,0.9999887283988576
K03022.01,0.9999886678360254
K01112.01,0.9999886062253825
K01942.01,0.9999885531312493
K02226.01,0.9999885408875091
K05663.01,0.999988540506057
K04129.01,0.9999884019566951
K03372.01,0.9999883790225561
K02117.01,0.9999883389991022
K04444.01,0.9999883150553873
K02363.01,0.9999882907558942
K07003.01,0.9999882535790896
K04895.01,0.9999881181396392
K00607.01,0.9999880349287549
K02507.01,0.9999880085363146
K04386.01,0.9999879779566987
K02125.01,0.9999879282529732
K02828.02,0.9999879074620612
K02103.02,0.9999876329109418
K01546.01,0.9999876071257284
K03066.01,0.9999875024200067
K03267.01,0.999987473356849
K04166.01,0.9999873952739702
K02683.01,0.9999873421474429
K00558.01,0.999987310886832
K00914.01,0.9999872885637154
K03022.02,0.9999872768409089
K05769.01,0.9999872672193885
K02377.01,0.9999871319267263
K03029.02,0.9999871039226551
K01982.01,0.9999870960335372
K03340.02,0.9999870944967296
K01470.01,0.9999870655105493
K02352.03,0.999987043370814
K00732.03,0.9999870204861842
K01420.01,0.9999867908692229
K01816.01,0.9999867032691273
K04389.01,0.9999866013438103
K03019.02,0.9999865970206971
K04674.01,0.9999865855379381
K04663.01,0.9999864313991544
K01705.01,0.9999863100923009
K02059.02,0.9999863073171086
K04116.01,0.999986252549032
K02811.01,0.999986210539459
K07435.01,0.9999861045871604
K02926.05,0.9999859872980931
K01118.01,0.9999857738468063
K03391.01,0.9999856978894239
K02241.01,0.9999856123824707
K04737.01,0.9999854498502894
K04519.01,0.9999853417885578
K03279.01,0.9999852866653672
K03145.01,0.9999851314363245
K00875.01,0.9999847939633257
K02598.01,0.9999847480326925
K04393.01,0.9999847267085591
K04037.01,0.9999846979247478
K03029.01,0.9999845426818514
K01591.01,0.9999845425509564
K04774.01,0.9999843882633945
K04180.01,0.999984127398459
K03374.02,0.9999840932851918
K07076.01,0.9999840499572282
K06132.03,0.9999839851812858
K04613.01,0.9999838120374156
K01328.01,0.9999838045263857
K04084.03,0.9999834600612993
K02797.01,0.999983371941564
K01608.03,0.9999833519712179
K00750.02,0.9999831137508003
K01761.01,0.9999829712019281
K03933.01,0.99998289086133
K01066.01,0.9999826405109739
K02639.01,0.9999825520477607
K01473.01,0.9999825454971949
K02590.02,0.9999824346631141
K02023.01,0.9999823074682613
K04374.01,0.9999818422201805
K04099.01,0.9999817895957096
K02189.01,0.9999816411453817
K03377.01,0.9999816185002719
K02687.01,0.9999814921131731
K01884.02,0.9999814381881049
K02563.02,0.9999814037041328
K03396.01,0.999981108209232
K01242.01,0.9999807704319642
K02962.01,0.9999805005453298
K00804.01,0.9999804734980889
K03271.01,0.9999804726539355
K02663.01,0.9999804014133391
K06399.01,0.999980398983236
K04656.01,0.9999803928440812
K02404.01,0.9999803460583006
K01758.01,0.9999802367255489
K02012.02,0.9999802084371673
K01398.01,0.9999799989561973
K03463.01,0.9999797828136844
K04792.01,0.9999797551001307
K04938.01,0.9999794327818576
K01458.01,0.9999794042972477
K03075.01,0.999979363102481
K01095.01,0.9999791634141767
K06276.01,0.9999790388563667
K02935.01,0.9999789535841132
K03263.01,0.9999785691557964
K02106.01,0.9999785489232271
K01331.01,0.99997838715503
K04480.01,0.9999782948922405
K02712.01,0.9999782437152762
K01395.01,0.9999779370222859
K04508.01,0.9999776943948209
K03437.02,0.9999776365577736
K07116.01,0.9999774207388362
K03361.01,0.999977308823107
K04563.01,0.9999772464698466
K03117.01,0.999977006442521
K03425.03,0.9999769197260883
K03473.01,0.9999769089278714
K02968.01,0.9999768881646404
K03383.01,0.9999762908947933
K07378.01,0.9999762109285689
K01660.01,0.9999758161167778
K02096.01,0.9999757909438952
K05333.01,0.9999756847999801
K04235.01,0.9999753651920589
K02329.01,0.9999751504385856
K07376.01,0.9999750921402565
K02305.01,0.9999748846481431
K01647.03,0.9999747888525388
K02307.01,0.9999747858133654
K03136.01,0.9999745722687928
K04551.01,0.9999745697438044
K01681.04,0.9999745681660064
K04588.01,0.9999744171288516
K04274.01,0.999974387455981
K03508.01,0.9999743126597505
K00599.01,0.9999743102580743
K03078.01,0.9999742832164439
K02001.01,0.9999741573056361
K01646.01,0.9999740975509223
K04307.01,0.9999739476591465
K01166.01,0.99997394600853
K03208.01,0.9999738777096858
K04372.01,0.9999736569696596
K02696.01,0.9999734754263088
K04647.02,0.9999734043868279
K02315.01,0.999973208630639
K01781.03,0.9999726924415838
K03494.01,0.9999726403456546
K02370.01,0.9999725716247259
K04694.01,0.9999724518791127
K07638.01,0.9999724435127385
K02401.01,0.9999724427235431
K01783.02,0.9999723881003127
K04520.01,0.9999723771954684
K04733.01,0.9999721177999337
K04310.01,0.9999720060532299
K03355.01,0.9999718846974289
K04496.01,0.9999716421134117
K03068.02,0.9999715474142548
K04410.01,0.9999711699694347
K02821.01,0.9999711354667793
K02613.01,0.9999705529769375
K05435.01,0.9999704099194912
K04799.01,0.9999700826266915
K02967.01,0.9999698870882473
K03037.01,0.9999690102090548
K03495.01,0.9999686172034534
K04060.01,0.9999685234863112
K01803.01,0.9999683484013245
K03430.01,0.9999682479603854
K07327.01,0.9999681144490015
K03248.01,0.9999676995013352
K03077.02,0.999967564196568
K06267.01,0.9999674206564954
K02921.01,0.9999671927121212
K03462.01,0.9999670689653282
K04653.01,0.9999668637122333
K03232.01,0.9999666362742914
K03042.01,0.9999666312077351
K02945.01,0.9999659757923834
K02612.01,0.9999657803229824
K04755.01,0.9999655644041142
K03348.02,0.9999655394486413
K02206.01,0.9999652514582186
K00777.01,0.9999652156048214
K04827.01,0.9999649872473046
K03335.01,0.9999648814479548
K03329.01,0.9999643378130035
K04764.01,0.9999640830193444
K04651.01,0.9999640036064852
K04208.01,0.999963976987674
K03184.03,0.9999628712308354
K02037.02,0.9999625673942516
K03086.01,0.9999623143288384
K05458.01,0.9999620516573797
K04762.01,0.9999614702074832
K01281.01,0.9999606702841614
K04804.01,0.999960042820358
K01984.01,0.9999598651209682
K02770.01,0.9999595573643512
K04399.01,0.9999594961711934
K05071.01,0.9999586585214247
K04509.01,0.9999585339046444
K04497.01,0.9999581881266472
K02123.01,0.9999579865103717
K04021.02,0.999957693787157
K07446.01,0.9999576269870715
K02433.03,0.9999570731525961
K02620.01,0.9999570523231561
K02542.01,0.9999569493066583
K05515.01,0.9999568190396017
K00547.03,0.9999566486374284
K04287.02,0.9999565306832662
K04242.01,0.999956463476609
K03145.02,0.9999556134416967
K03048.01,0.9999555498157239
K02959.01,0.9999552425694669
K04657.02,0.9999545219215107
K06130.01,0.999954128943128
K03878.02,0.9999540545872034
K01268.01,0.9999538472258511
K03027.01,0.9999538363066265
K04530.01,0.9999535601586076
K02400.01,0.9999534645969568
K07378.02,0.9999532081609285
K00732.02,0.9999530331547953
K02528.01,0.9999529030336294
K02532.01,0.999952653859328
K04366.01,0.9999526531303392
K06765.01,0.9999525008291744
K01101.02,0.9999519133330188
K03368.01,0.9999516855800481
K04435.01,0.9999501603426587
K07209.01,0.999949925997093
K03301.01,0.9999494135576446
K04478.01,0.9999493462381944
K00802.01,0.9999489457557148
K04699.01,0.9999486785462719
K01622.01,0.9999485351067111
K06179.01,0.9999484678981045
K04398.01,0.9999483126332236
K02822.01,0.9999482313854607
K05625.01,0.9999479350365398
K02232.02,0.9999479052323644
K01946.01,0.9999475984473681
K02421.01,0.9999474722943431
K02480.01,0.9999467452321879
K03455.01,0.9999460729456764
K04477.02,0.9999460588030218
K02801.01,0.999945366254059
K03462.02,0.9999450489821163
K02259.01,0.9999449443019348
K03343.01,0.9999448317448442
K00554.01,0.9999442259927073
K03367.01,0.9999433049050672
K03194.01,0.9999431548826212
K01924.01,0.9999428625866176
K04259.01,0.9999428133003321
K04614.01,0.9999425055803316
K02411.01,0.9999420757422111
K04763.01,0.9999420507812773
K02120.01,0.9999413156002394
K04464.01,0.9999410802445462
K00593.04,0.9999405322947501
K04852.01,0.999939671543845
K02859.03,0.9999394948767966
K00901.01,0.9999394696002281
K01754.01,0.9999394446416452
K04451.01,0.9999393613118214
K01764.01,0.9999392381576957
K01701.01,0.9999384357040723
K03137.01,0.9999383870533606
K04298.01,0.9999381102757982
K04506.01,0.9999373246471025
K04577.02,0.999936891919851
K04808.01,0.9999359249990719
K01649.01,0.9999358541574475
K04630.01,0.9999357633171194
K07628.01,0.999935246348247
K05278.01,0.9999347222412419
K07411.01,0.9999339047443222
K01963.01,0.999933466421632
K02037.03,0.9999324057189513
K01338.03,0.9999318226199525
K03068.01,0.9999311172928481
K03811.01,0.9999303752517275
K02923.01,0.9999299846451101
K01906.01,0.9999299220398314
K01519.02,0.999928943888148
K02060.01,0.9999287693391702
K04499.01,0.9999287329932134
K03451.01,0.99992860481438
K02756.02,0.9999285289792323
K04775.01,0.9999281916178928
K03496.02,0.999928083881015
K02607.01,0.9999278864557393
K06957.01,0.9999271465045168
K00883.01,0.9999267415395069
K08276.01,0.9999247599347983
K01942.02,0.9999246767408532
K06137.01,0.9999243002853335
K04711.01,0.9999238989990419
K07432.01,0.9999234231505609
K00815.01,0.9999229230770433
K02209.02,0.9999228076169738
K02453.01,0.9999226424830554
K04246.02,0.9999218874559395
K02519.01,0.9999218130129789
K04152.01,0.999920381923643
K02739.02,0.9999201059206959
K04503.01,0.999919377348654
K02734.01,0.9999193518228846
K02303.02,0.9999190258409377
K01681.03,0.999918516229408
K01613.03,0.9999180535953623
K04900.01,0.9999180369857456
K00611.01,0.9999167870180121
K02081.01,0.9999166854540569
K05336.01,0.9999165323831452
K03114.01,0.9999165167615434
K00605.02,0.9999161138928985
K04212.02,0.9999160348107478
K04700.01,0.9999154962627862
K00902.01,0.9999150679254953
K04637.01,0.9999148268396456
K04749.01,0.9999147245346879
K05628.01,0.9999112942974878
K05220.01,0.9999109492719295
K04146.02,0.9999106959093008
K07991.01,0.9999086649403541
K03077.01,0.9999083702131093
K07354.01,0.9999074243659958
K04549.01,0.9999065563934091
K03214.01,0.9999049822457187
K03108.01,0.9999035862523423
K02593.02,0.9999026037152285
K06931.01,0.999902557567641
K02421.02,0.9999003011666153
K04545.01,0.9998999402922469
K01845.02,0.9998997932976302
K05909.01,0.9998997662895807
K04714.01,0.9998981921795135
K04395.01,0.9998961139617722
K04705.01,0.9998956848137346
K01083.02,0.9998937263365323
K04680.01,0.9998934936436938
K04428.01,0.9998924208109765
K06355.01,0.999892202616017
K05605.01,0.9998920073263462
K04590.01,0.9998914502307606
K02248.04,0.9998914297110806
K06145.03,0.9998908762754803
K05475.02,0.9998905269229452
K06672.01,0.9998904913785964
K04109.01,0.999890251185047
K02061.02,0.9998899879183577
K07320.01,0.9998890230417247
K05895.01,0.9998890178928033
K02851.02,0.9998883823927126
K07846.01,0.9998882297512326
K06209.01,0.9998872982093548
K02449.02,0.9998871374761276
K07645.01,0.9998870805734617
K04343.01,0.9998870510376066
K00522.01,0.9998840051653829
K07106.01,0.9998827922660509
K05632.01,0.9998806097668982
K06687.01,0.9998777582302931
K02295.01,0.9998773119393114
K04466.01,0.9998769968322662
K01427.02,0.9998769680487545
K06890.01,0.999876576967545
K04957.02,0.9998762329160028
K03398.03,0.9998749025664349
K02768.03,0.9998745536769817
K06793.01,0.9998731255707936
K03469.01,0.99987284864093
K02416.01,0.9998714732408487
K01842.01,0.9998711975395203
K04850.01,0.9998708484620241
K04668.01,0.999868275770866
K04457.01,0.9998681664312866
K04188.01,0.9998673871686048
K04403.01,0.9998640246257314
K02174.04,0.9998621213349
K02924.02,0.9998618707969952
K07687.01,0.9998613988767466
K04754.01,0.9998612454593117
K02217.01,0.9998596034951687
K03006.01,0.9998581616109713
K05854.01,0.9998535915618965
K04577.01,0.9998531267371402
K01889.02,0.9998517475366161
K06921.01,0.9998511394148903
K03196.02,0.9998496640079017
K06601.01,0.9998486008294559
K05553.01,0.9998484465312233
K03410.02,0.9998473368420239
K04587.01,0.9998462082234533
K04067.01,0.9998443673300217
K07375.01,0.9998443414514503
K03823.01,0.9998431630812297
K04649.01,0.999842936415233
K04709.01,0.9998390904735048
K07970.01,0.9998386062603596
K06178.01,0.9998365761637326
K03354.01,0.9998357921398726
K04269.01,0.9998352103670327
K04325.01,0.999834575628496
K03061.01,0.9998342876368882
K04634.01,0.9998249410136937
K07400.01,0.9998246001495211
K01731.01,0.9998235583470177
K04421.02,0.9998226707054948
K04329.01,0.9998222604006524
K00317.02,0.9998206388613349
K07940.01,0.9998197128963843
K05842.01,0.9998178314544159
K02093.02,0.9998155427770313
K04875.01,0.9998142297270805
K03312.01,0.9998055567657387
K00984.01,0.999804188402971
K05007.01,0.9998031011969313
K04992.01,0.9998025032625313
K04659.01,0.9997969034370274
K01106.03,0.9997928059189979
K05117.01,0.9997920847545768
K03689.01,0.9997896084851149
K02841.01,0.9997894206518299
K05790.01,0.9997892647899486
K05874.01,0.9997875441174624
K03444.03,0.9997823400667905
K02162.02,0.9997807816127883
K03196.01,0.9997779936577943
K05677.01,0.999777622464012
K02612.02,0.9997752525059406
K03478.01,0.9997640226445204
K02914.01,0.9997631950257532
K04820.01,0.9997625918182236
K03480.01,0.9997593056315756
K04097.01,0.999758328912125
K03815.01,0.9997579300317417
K02744.02,0.9997571102863391
K06878.01,0.9997549550097216
K07023.01,0.9997497538796136
K07007.01,0.9997494784642443
K03472.01,0.9997436881161413
K01582.01,0.9997414429131363
K01693.01,0.9997376624675711
K05822.01,0.9997351295692097
K01254.01,0.9997349358340832
K06329.01,0.9997315203687812
K00650.01,0.999730834568835
K06966.01,0.9997293327558064
K00735.01,0.9997287914589186
K08232.01,0.9997243139971281
K00326.01,0.999723833871449
K04698.01,0.9997178582795934
K07976.01,0.9997163437208672
K04456.01,0.9997154107284487
K04862.01,0.9997136173947155
K07773.01,0.9997096960223861
K02018.02,0.9997093929082415
K02353.01,0.9997093342041763
K01996.02,0.9997089116146914
K00787.03,0.9997075622541497
K03190.01,0.99970694813742
K04460.01,0.9997066727191791
K06631.01,0.9997022794406115
K04591.01,0.9997013624741736
K07679.01,0.9996972121327232
K02535.01,0.9996878808798035
K05288.01,0.9996876503468213
K06960.01,0.9996863042251143
K03259.01,0.999685508403615
K00566.02,0.999684786756328
K04794.01,0.9996783735448893
K00238.03,0.9996731931134127
K04380.01,0.9996714663454999
K03425.01,0.999670606433366
K03395.01,0.9996695660325452
K03258.01,0.9996676447710927
K04686.01,0.9996665864037448
K03375.01,0.9996621718834324
K03907.01,0.9996612438189059
K06954.01,0.9996542020348258
K03083.03,0.9996525831901395
K00353.01,0.999648926634996
K07693.01,0.9996439171621797
K05512.01,0.999640704256539
K05869.01,0.9996405458104821
K05224.01,0.9996394141047741
K04207.01,0.9996388774076514
K03770.01,0.9996383436818466
K01872.01,0.9996357473360138
K03358.01,0.9996356254112679
K01525.02,0.9996348570753444
K04857.01,0.9996270103459398
K01353.03,0.9996253469233892
K07510.01,0.9996237929950921
K00547.02,0.9996227869380284
K06582.01,0.9996213826478764
K08037.01,0.999620872126558
K00944.01,0.9996181179440833
K07762.01,0.9996166710452296
K05479.01,0.9996103860364676
K02512.01,0.9996087342462551
K03130.01,0.9996057228414089
K07220.01,0.9996051244239594
K03936.02,0.999600788194778
K04650.01,0.9995985676311897
K05104.01,0.9995938890975802
K06971.01,0.9995920563768327
K03168.01,0.9995920541174343
K01599.01,0.9995832403467302
K04833.01,0.9995726441889002
K00151.01,0.9995659909692917
K07072.01,0.9995649623876804
K06093.02,0.9995635719175904
K07258.01,0.9995627615903543
K02899.01,0.9995611053587665
K06983.01,0.9995563749895588
K00143.01,0.9995440135368661
K04907.01,0.9995392556965605
K05441.01,0.9995345993877807
K06342.01,0.999533381234652
K03051.01,0.9995229260673743
K05410.01,0.9995208083923908
K06191.02,0.9995154858512006
K04185.01,0.9995118970035796
K05964.01,0.9995077518568944
K02193.02,0.9995035514929209
K06132.01,0.9995030643661297
K03202.01,0.999500389031852
K05943.01,0.9994983490585962
K03065.01,0.9994912390447613
K04963.01,0.9994622103234351
K07088.01,0.99945906036966
K02029.04,0.9994484801352322
K02052.01,0.9994473226355033
K07648.01,0.9994428666772341
K04287.01,0.99942920248185
K03495.02,0.9994275018317562
K00649.02,0.9994244509008305
K04301.02,0.9994040798709263
K03423.01,0.9994008962027422
K04837.01,0.9993899573358113
K04066.01,0.9993873770982684
K03389.01,0.9993788877223928
K00115.03,0.9993619835408581
K06568.01,0.9993402846351477
K02833.01,0.9993246478415049
K07479.01,0.9993203881157432
K00548.02,0.9993164067189626
K04811.01,0.9993156555655655
K04357.01,0.9992980064172278
K02163.03,0.9992974300638047
K06617.01,0.9992910055472464
K07685.02,0.999287019554305
K02723.01,0.9992860687498566
K07041.01,0.9992649915936554
K02906.02,0.9992345285885178
K01103.01,0.9992315149852212
K02623.02,0.9992246373638902
K02592.01,0.999223889473995
K05800.01,0.999218671294603
K04643.01,0.9992184710748125
K01310.02,0.9992056536001992
K07986.01,0.999204196937936
K07685.01,0.9992000548546396
K05150.01,0.9991897432613426
K06513.01,0.99918745646019
K05817.01,0.9991726360476768
K05476.01,0.9991673747954568
K00521.02,0.999161545641444
K04864.01,0.9991562201587713
K02435.01,0.9991457136845574
K02029.03,0.9991264585023013
K07361.01,0.9990808044757546
K07282.01,0.9990637883496779
K04710.01,0.9990341377997414
K02042.01,0.9990234882963294
K04120.01,0.999019607124264
K02004.03,0.9989978915354051
K06318.01,0.9989773408722479
K07099.01,0.9989719649192197
K06666.01,0.9989686033085543
K05762.01,0.9989642990300706
K01599.02,0.9989298659291076
K04856.01,0.9989279165840353
K05901.01,0.9989088224953733
K01360.03,0.9988990995707839
K07681.01,0.9988948262390089
K01839.02,0.9988871111465046
K03089.01,0.998882742368468
K02181.01,0.9988700332773124
K03104.01,0.9988518302702563
K05287.01,0.9988517823623694
K08183.01,0.9988490922052372
K04768.01,0.9988438281087836
K00255.02,0.9988373243953305
K04144.01,0.9987935287932064
K04829.01,0.9987861462026535
K02094.01,0.9987472576849853
K02610.01,0.9987351190053007
K06579.01,0.9987076295544421
K07339.01,0.9987041113205298
K04892.01,0.9986915682412947
K04157.01,0.9986909992858131
K06646.01,0.9986818540634961
K07032.01,0.9986591449825389
K06934.01,0.9986572288089381
K00929.02,0.9986400450363822
K04773.02,0.9986232805294238
K03429.04,0.9986206535679779
K07668.01,0.9986134376193871
K01159.01,0.9986120223501869
K08055.01,0.9985944265260177
K06259.02,0.9985677958841334
K04463.01,0.998556359556461
K07708.01,0.9985398651057056
K00647.02,0.9985232609243742
K04353.01,0.9985134316275762
K05411.01,0.9985101806025121
K04575.01,0.9985100305821826
K05297.01,0.9984881843001584
K04391.01,0.9984875104651332
K00797.01,0.9984818761581918
K03425.02,0.9984792617904344
K06783.01,0.9984550646893724
K04053.01,0.9984416759250874
K04098.01,0.9984349657660636
K03483.01,0.9984182240449533
K07471.01,0.9983972095472418
K00728.01,0.9983865413534462
K04011.01,0.9983846431530967
K03105.01,0.9983670642575739
K04777.01,0.9983557220045797
K07880.01,0.9983375463948323
K07892.01,0.9983194528093849
K04893.01,0.9983155460481006
K01694.01,0.998313389294027
K04776.01,0.9983128572122989
K07359.01,0.9983012823097096
K07144.01,0.9982900370621898
K06689.01,0.9982834970215297
K08076.01,0.9982793332926637
K08007.01,0.9982793304007961
K02288.01,0.9982751804550822
K04597.01,0.9982702088555562
K07924.01,0.998254485005129
K06777.01,0.998230497064608
K04849.01,0.9982303988265449
K02871.04,0.9982273589825803
K07749.01,0.9981739101051403
K04535.01,0.9981645276898945
K01359.02,0.9981347274422437
K07404.01,0.9981041310177785
K00716.01,0.9980817208941751
K03112.01,0.9980465714256733
K08111.01,0.9980369845481426
K03179.01,0.9980139527183817
K07923.01,0.9980014170528948
K07796.01,0.9979995620092026
K03416.01,0.9979472038972961
K04535.02,0.9979353857747618
K02564.02,0.9978789021200606
K04861.01,0.9978585690583788
K06352.01,0.9978499223005644
K04782.02,0.9978302202486588
K06259.01,0.9977670446693702
K04605.01,0.9977651690529639
K04810.01,0.9977505681962632
K05917.01,0.9977493881225877
K04626.01,0.9977374011613667
K01230.01,0.997717812603614
K06315.01,0.9977089631985463
K02783.01,0.9976914778917056
K03017.01,0.9976686533409826
K01499.02,0.9975423594585061
K07641.01,0.9975303652523032
K06731.01,0.9975166377620754
K04002.01,0.9974646793442802
K05563.01,0.9973949893344003
K01899.02,0.9973779789177226
K02610.02,0.9972962156489565
K07850.01,0.9972866117878448
K01193.01,0.9972842816467556
K04595.01,0.9972835022605947
K05322.01,0.9972488221244779
K06164.01,0.9971958774757413
K04667.01,0.997172729300011
K07951.01,0.9971557682929133
K04912.01,0.9971438751242134
K06120.01,0.9971437183042053
K06293.01,0.997136188130821
K07426.01,0.9970382186572695
K08089.01,0.9970356797485964
K07706.01,0.9970242567478597
K07489.01,0.9970202790075903
K04500.03,0.9969706358306119
K07506.01,0.9969702510309452
K07236.01,0.9969632403399841
K04084.02,0.996955359919826
K03053.02,0.9969084131662691
K05953.01,0.9968995431558058
K05974.01,0.9968964550368288
K01476.01,0.9968920627524002
K03486.01,0.9968910358181614
K07197.01,0.9968789495916033
K04823.01,0.9968626982305907
K03429.01,0.9968528810141788
K06892.01,0.9968283881966761
K03813.01,0.9968228790650365
K04487.01,0.9968191266023336
K07587.01,0.996796154547621
K04750.01,0.9967922611157755
K02666.01,0.996735039251919
K04580.01,0.9967113148854765
K05088.01,0.9966955868679652
K06191.01,0.9966840199166872
K07460.01,0.9966556451603878
K07795.01,0.9966491261384782
K05007.02,0.9966040473300297
K02369.03,0.9965402700972817
K02037.01,0.9965034731547039
K07617.01,0.9964665432905617
K04666.01,0.9964355989748425
K06993.01,0.9963088295738972
K06358.01,0.996221799806678
K07215.01,0.9961825975595678
K05688.01,0.9961513899483261
K04358.01,0.9960739355958609
K06209.02,0.996052615738593
K08052.01,0.9960409629242238
K04193.01,0.9960196605082694
K04103.02,0.995865392498501
K07232.01,0.9957597090971214
K08277.01,0.9957145311863358
K07859.01,0.9957058479256962
K04528.01,0.9956558889081027
K05826.01,0.995615064008091
K04700.02,0.9956134877132603
K08054.01,0.9956079646330968
K03318.01,0.995522066057807
K07301.01,0.9954725088254734
K03890.01,0.9953693887730122
K04558.01,0.995359978748244
K02735.01,0.9952598125985999
K04771.01,0.9952534554490986
K00100.01,0.9952168676939664
K03340.01,0.9952040729565614
K04504.01,0.9951167684741272
K06750.01,0.9949499841374781
K04419.01,0.9949466294982591
K05708.01,0.9948756600957481
K01936.01,0.9948206945865109
K04363.01,0.9947937169418631
K04801.01,0.994790182442463
K04260.04,0.9947800294098945
K06532.01,0.99468177194338
K04881.01,0.9946365647607295
K06263.01,0.994608087234448
K02689.01,0.9945786458384693
K07291.01,0.9945621558728245
K06970.01,0.9945227878749476
K05651.01,0.9944786193764644
K02050.02,0.994408363553545
K03481.01,0.9941683048115857
K01920.02,0.9941498510901923
K02445.01,0.994063357655687
K07539.01,0.994013194383319
K05211.01,0.9939475744737193
K05485.01,0.993846785830092
K04913.01,0.9938407717414159
K02925.01,0.9936750250643573
K04636.01,0.9933653741772961
K04153.01,0.9933422282095453
K02695.01,0.99331870594908
K00780.02,0.9932838470612345
K04644.01,0.9932512880856035
K04567.01,0.9932082740057997
K08193.01,0.9931820190836335
K03214.02,0.9928134088730733
K07002.01,0.9927123475871906
K02677.01,0.9926516717075153
K04846.02,0.9924958550009405
K04251.01,0.9922981832845253
K02248.02,0.9922558742219071
K05440.01,0.9922141247189542
K03344.03,0.9922031859807232
K02982.01,0.9921384816980983
K00160.01,0.9917865804537676
K07430.01,0.9914922997889118
K02433.06,0.9914309355084188
K08026.01,0.9912364217268008
K07818.01,0.9910976744712494
K06860.01,0.9910552438984462
K01815.02,0.9908166576380721
K04192.02,0.9907358518170252
K05331.01,0.9906878841192867
K07834.01,0.9906321669370155
K04871.01,0.9906178705143791
K06980.01,0.9905737280356393
K05249.01,0.9905551899879245
K01426.03,0.9905295333977778
K02194.03,0.9904481682469987
K07630.01,0.9903632614842807
K08053.01,0.9903625045078212
K05574.01,0.9903416170539934
K04780.01,0.9903071859977675
K02298.03,0.9901042823775335
K02439.02,0.9899232794139825
K04361.01,0.9898421950680598
K07843.01,0.9897570439043474
K02554.01,0.9897385744320366
K02604.01,0.9896600435488991
K08077.01,0.9896278212539388
K07112.01,0.9895817543608295
K07345.01,0.9895510392615501
K01793.01,0.9892189672980577
K07437.01,0.9891461239315381
K07949.01,0.9890127325062436
K04793.01,0.9889616158908509
K04797.01,0.9887632847421473
K00283.03,0.9885664645298586
K02481.01,0.9881118720353512
K05310.01,0.9880976796987553
K04896.01,0.988056241010953
K05418.01,0.9880289747468994
K04838.02,0.9878497262557343
K07835.01,0.9878128415284811
K05169.01,0.9876680513944353
K04896.02,0.9876605731626533
K05341.01,0.9876099124470055
K00566.03,0.9874810825985176
K02169.04,0.9873373197798612
K06641.01,0.9869909196589607
K05207.01,0.9868160103877018
K04647.01,0.9866084951419596
K07182.01,0.9865840317454503
K01747.01,0.9864815234073476
K04383.02,0.9863712956502497
K08012.01,0.9862884659634934
K05543.01,0.9860099853646136
K05142.01,0.985853593933565
K02220.05,0.9858283077149799
K06739.01,0.9851786464065377
K05329.01,0.9847345626698453
K06733.01,0.9847318016649581
K07319.01,0.9842399635062739
K05279.01,0.9836667490761145
K05685.01,0.9833408548737042
K06752.01,0.982934371521167
K07520.01,0.9829009546358933
K07272.01,0.9828485609216823
K00331.02,0.9827526994376565
K04685.01,0.9826051140188853
K06746.01,0.9822563234129477
K00856.01,0.9822318673454518
K04009.02,0.9820005013122267
K08156.01,0.981827320411994
K02874.01,0.98171032570639
K07833.01,0.9812886865904187
K06256.01,0.9808254564421011
K04834.01,0.9807143983952468
K01174.01,0.980464687434517
K05276.01,0.9798981821847506
K06368.01,0.9795583410285194
K07445.01,0.9794107054684877
K05929.01,0.9789736600637013
K00667.01,0.9788394597696546
K05433.01,0.9786297918021092
K07774.01,0.97823320234105
K04713.01,0.9782017477891427
K05736.01,0.9775366438223161
K07416.01,0.9770307921837912
K07998.01,0.9770287313475259
K03268.01,0.9766682711280138
K07133.01,0.9766474816179378
K07157.01,0.9765537767467876
K02321.02,0.9764581545321367
K02679.01,0.9763023023789149
K05532.01,0.9761079389761216
K02014.01,0.9760542035781719
K03091.02,0.9758965600053969
K06331.01,0.975152566351016
K06786.01,0.9737571117080949
K04744.01,0.973603370496544
K04603.01,0.9734557515517236
K05486.01,0.9732090670099959
K06763.01,0.9729840026573666
K07750.01,0.972937549087842
K07208.01,0.9729301934074801
K07704.01,0.9724420240175611
K04582.01,0.9723007509600176
K02386.01,0.9721732839199538
K06882.01,0.971362281540104
K02093.01,0.9707827591094964
K06925.01,0.969804625039833
K07662.01,0.9695677423628616
K06776.01,0.9686626784670918
K04906.01,0.9685773833266142
K00469.01,0.9684866537426389
K05387.01,0.968457539052828
K04815.01,0.967990220055363
K04257.01,0.967099129044161
K07776.01,0.9670208822635329
K05727.01,0.9667140386493298
K08205.01,0.9662015037522675
K05649.01,0.9657309077611849
K00726.01,0.9649465609992023
K06118.02,0.9637867229565996
K03013.01,0.9635564115526309
K00458.01,0.9629855934256217
K08078.01,0.9626743891042756
K08082.01,0.9621916634362551
K04007.01,0.9616067438515805
K04853.01,0.9611315742680048
K07903.01,0.9603247958573354
K08068.01,0.9600799371590328
K05816.01,0.9595265846630192
K04632.01,0.9580298137490485
K07270.01,0.9573696607378703
K07875.01,0.9567359045196833
K07162.01,0.9557780407792841
K06246.01,0.9548985044471935
K06182.01,0.9532099186074738
K07174.01,0.9530687819195577
K08035.01,0.9525285039031927
K01675.01,0.9514534972201282
K04756.01,0.951398375069013
K05046.01,0.9493206468909882
K07540.01,0.9486343183842437
K07370.01,0.9476090208904433
K07636.01,0.9473791642766858
K01613.02,0.947083816206136
K02919.01,0.9468758902874751
K04790.01,0.9466310761964146
K05359.01,0.945522913733029
K07764.01,0.9448281309857454
K00130.01,0.9446097856950425
K05179.01,0.9444317394385793
K05369.01,0.9435356668664646
K07434.01,0.9426491169643392
K08039.01,0.9418706881136054
K03313.01,0.9414337103500133
K03771.01,0.9399465879375986
K04458.01,0.9397358392722185
K01856.01,0.9390614005684036
K01840.02,0.9390208132831305
K07884.01,0.9364641609160409
K04178.01,0.9362545822226621
K07746.01,0.9358607098842644
K03225.01,0.935566327098601
K01058.01,0.9344178667962304
K04977.01,0.9340134100352445
K02573.01,0.9336429245170377
K04504.02,0.9334521931690342
K04124.01,0.9334478398118783
K00326.02,0.9327351736265559
K07427.01,0.9317591481680012
K08050.01,0.929224121812761
K07870.01,0.9290015011495808
K01032.01,0.9288891397910953
K00436.01,0.9285931623334999
K07842.01,0.9261189353507149
K07408.01,0.9260046241526613
K02150.01,0.9254744999976865
K04581.01,0.9251751244866215
K06904.01,0.9248048733624487
K08238.01,0.919952082522749
K02327.02,0.9195284793232611
K00684.01,0.9195086248837947
K04548.01,0.9186071291917632
K03224.01,0.9176224120140865
K04859.01,0.9173786020040978
K05119.01,0.9172441034265203
K06375.01,0.9163776478801948
K06630.01,0.9157859452586785
K07863.01,0.9122591003742238
K04999.01,0.9121389905613473
K04216.01,0.9117989903154387
K01957.01,0.909539200458164
K07680.01,0.9073296456454433
K06274.01,0.9063130552372569
K08159.02,0.9061770203913599
K05758.01,0.9050070392029482
K04813.01,0.9026057713546956
K07678.01,0.9010912582467887
K04839.01,0.9005767068754583
K02299.01,0.8999193224946862
K01995.01,0.8993168702248862
K07793.01,0.8984670989633968
K04838.01,0.8977701133059932
K04056.01,0.8955538414203889
K07644.01,0.8939855379991126
K02354.01,0.8936289442465639
K02513.01,0.8936080831461746
K03433.01,0.8926104503311648
K04967.01,0.8910063602552212
K06907.01,0.8900612074452404
K06600.01,0.8874916273583995
K08046.01,0.8867707056189041
K06301.01,0.8862878735872509
K02578.01,0.8860062738008071
K03283.03,0.8849931323921422
K07380.01,0.8849661560013884
K07148.01,0.8794529222537192
K02150.02,0.8760219409523289
K02813.01,0.8752582815160922
K04655.01,0.8743147070794858
K04498.01,0.8738092253541002
K04782.01,0.8679442496610326
K06409.01,0.8670941670655806
K04670.01,0.8668174904168163
K05126.01,0.8650534239474332
K04390.01,0.8634345194249982
K04895.02,0.8551872488999587
K02775.01,0.8539166692504049
K05083.01,0.8520015186078281
K07873.01,0.8437503106969073
K04838.03,0.8406646940881473
K04405.01,0.8405465129297777
K04987.01,0.8401380127636265
K06538.01,0.8364901768074238
K04890.01,0.830099686833644
K04743.01,0.8233867514145674
K07934.01,0.8193703413477533
K01855.01,0.8070922032908604
K00799.01,0.8063309690007149
K01581.01,0.8023179483642251
K04331.01,0.7967005589252969
K04385.03,0.7951104150271343
K05863.01,0.7938711610040665
K06353.01,0.7913344047281524
K07715.01,0.7900989198127273
K05782.01,0.7897464745373711
K08211.01,0.7892391012174739
K07889.01,0.7863384885144165
K00622.01,0.7845855905896509
K02398.01,0.7813481884108038
K05812.01,0.7794452209420164
K02093.03,0.7595176322680498
K04844.01,0.7578046468040943
K07535.01,0.7551379771406397
K04692.02,0.7545046272609156
K07205.01,0.7532714700572858
K03204.01,0.7505583643906104
K07195.01,0.7448829734616296
K02533.03,0.7428993512726867
K02172.02,0.7426385272325653
K03083.02,0.7418189149146027
K06918.01,0.7416591692233426
K07635.01,0.736457477037312
K06635.01,0.7355543529283658
K07223.01,0.7296393543471499
K07744.01,0.7291216062846361
K08043.01,0.7287738162971847
K02548.01,0.7280962041474482
K06172.01,0.7231167270211041
K08246.01,0.7221655306894834
K06262.01,0.7197898177943669
K07252.01,0.718043356410731
K07888.01,0.7148542716447526
K07982.01,0.7059222813194028
K05068.01,0.7048648059374483
K08109.01,0.7019643542419908
K07125.01,0.6809062717604918
K04209.01,0.6789468322191426
K08122.01,0.6651911661364468
K07905.01,0.6613246529403782
K02068.01,0.6604978072834368
K07069.01,0.6564547528761483
K07676.01,0.6476166971809987
K05375.01,0.6415546885612303
K00460.02,0.6384192392935535
K04730.01,0.6283882265767875
K05732.01,0.624399498226439
K07700.01,0.6241085958765643
K05952.01,0.617897492921166
K05027.01,0.6155813350848497
K07467.01,0.6142629958866811
K05149.01,0.610225520947024
K00396.01,0.608229449874119
K07925.01,0.6036645308034807
K07117.01,0.6030269144714518
K07978.01,0.6001608220567127
K06291.01,0.5846285177662186
K05556.01,0.5733645238834403
K03913.01,0.5716943562195875
K01131.01,0.5712660082918263
K05600.01,0.5601706152385826
K06913.02,0.5557167539325992
K07735.01,0.5534924518136655
K07546.01,0.5418249476507374
K03503.01,0.5397994204345754
K05845.01,0.5376572215945064
K07780.01,0.5270861539278815
K04407.01,0.519284314065642
K06653.01,0.5182181824742347
K07849.01,0.5152375371818879
K07882.01,0.5104525044289034
K02636.02,0.507980062611443
K05472.01,0.5036428127046308
K08259.01,0.49729474836205634
K08280.01,0.49722099892257976
K05572.01,0.49609593112367106
K08270.01,0.49574672466141667
K03318.02,0.49326073393931813
K05868.01,0.49168521078383814
K07005.01,0.4900845130198334
K03849.01,0.48536631147195225
K00064.01,0.4766621747979026
K07449.01,0.4739358757178468
K05321.01,0.4655480396423186
K03783.01,0.46128526274196524
K05228.01,0.4586667619733389
K03875.01,0.45811188591822916
K05281.01,0.44282818502362375
K03206.01,0.4405023969094003
K07558.01,0.4396429997267786
K07117.02,0.4313901990339115
K05965.01,0.42625877027555836
K05566.01,0.4215958242368578
K07711.01,0.4070672699820444
K02369.02,0.3999767043771904
K02055.04,0.39771976784298907
K07567.01,0.38206910682568207
K05653.01,0.37678143626404753
K04157.02,0.365874591918172
K05850.01,0.36336486517338085
K07798.01,0.3573810134429001
K04676.01,0.35436986449812297
K07920.01,0.35142111146475674
K07915.01,0.34900705864429943
K05390.01,0.3476351822324447
K05344.01,0.3455060449256434
K05332.01,0.33450932283825213
K07785.01,0.33404467294959655
K03102.01,0.3301457406641231
K05772.01,0.3295727501570273
K07169.01,0.32390314177163265
K06178.02,0.31984645222895147
K05899.01,0.31957651862722936
K05509.01,0.3185279740690733
K07670.01,0.31845191714050675
K07305.01,0.3026862291350921
K04435.02,0.30022378318878734
K05579.01,0.2940556335973212
K06182.02,0.2938711174268602
K03520.01,0.28614873050959316
K05932.01,0.28528160005185693
K06253.01,0.28016164628426266
K05640.01,0.27922660622748796
K01545.01,0.27706372300334553
K08257.01,0.27035001408197884
K06798.01,0.2628125494905926
K07894.01,0.26140545516976765
K07358.01,0.25757470042427405
K03939.01,0.25586731163415566
K07624.01,0.25460398058859723
K08249.01,0.2540747829221045
K04382.02,0.253970678800646
K08223.01,0.2527697551053067
K08000.01,0.252700777544244
K07954.01,0.2512949054507323
K05461.01,0.2506988142632808
K06355.02,0.25011365730566393
K05665.01,0.2430935451260915
K06516.01,0.2364475106550043
K05132.01,0.23569283865082385
K06511.01,0.22958589135575033
K00416.04,0.22510934998212095
K02312.01,0.21507225999028792
K07931.01,0.21309915746307945
K04778.01,0.2110143793689053
K05749.01,0.2073522698931627
K06774.01,0.2033224123703953
K00977.01,0.20135215296446096
K07389.01,0.19813176812819602
K05652.01,0.19790464801339241
K05787.01,0.19367268197158416
K04902.01,0.19194910100661175
K08085.01,0.18395936835182217
K04848.01,0.1806262314442179
K05704.01,0.17603629846104699
K03980.01,0.1717058395144988
K03184.01,0.1693301988605585
K01168.01,0.1655873486007502
K07073.01,0.1646476991249542
K06320.01,0.16289916456120607
K06103.02,0.16013641090029077
K00366.01,0.15976263461420773
K06762.01,0.1587805445579056
K05459.01,0.155520250077652
K06484.01,0.15273786896795058
K07832.01,0.14562190744319645
K04818.01,0.13427992435742794
K07878.01,0.1332845597773551
K04351.01,0.13159701240371038
K05107.01,0.12976934360456352
K04546.01,0.12960849960973977
K00625.01,0.12848906673707403
K05174.01,0.11961135501406978
K00145.01,0.11939808868653845
K05626.01,0.11907233144104941
K01576.03,0.11786597470711949
K01445.02,0.11591910989853854
K07990.01,0.11081798142849368
K00304.02,0.11060936205265377
K06969.01,0.10948728560977625
K04871.02,0.10725550885899651
K08063.01,0.10667941159660543
K06872.01,0.10623162006198052
K05192.01,0.10576172491445912
K02719.02,0.10375044241631146
K07331.01,0.10038892319922268
K06526.01,0.09751801797674758
K08031.01,0.094343117803217
K05360.01,0.09236988925172597
K03856.01,0.09025964693016565
K05482.01,0.08983130825454565
K07383.01,0.08902249129611906
K04345.01,0.08559230810502437
K05223.01,0.08343086137579261
K07775.01,0.0810252091740007
K07129.01,0.0808961444664305
K06781.01,0.0772869586430113
K04961.01,0.0759627510678309
K05451.01,0.07019042211128225
K02869.02,0.0701840031375293
K05849.01,0.06332245995888469
K01096.01,0.06043222305932512
K05323.01,0.05930689221378294
K01208.01,0.0571699890526563
K05950.01,0.05643854483459012
K05924.01,0.05575302330677586
K07559.01,0.055567974618494484
K03370.01,0.054922949372618754
K08286.01,0.05492099895315244
K05892.01,0.05473855984516475
K03156.01,0.05462752074682049
K03891.01,0.05183787434268162
K01728.01,0.04856540365898092
K06401.01,0.04655714181069249
K08033.01,0.046435206564028025
K07591.01,0.04233431019172445
K01665.02,0.04093240980029555
K02758.01,0.0391853181384702
K05358.01,0.038181058334349746
K01209.01,0.038018756068515035
K07592.01,0.037661552724813224
K05135.01,0.037136745373036996
K08263.01,0.03546721577642699
K05284.01,0.035283062482886304
K06618.01,0.03373302102818247
K03554.01,0.03360309690165053
K05057.01,0.033547795904996236
K00600.02,0.032094081333916266
K05971.01,0.03071825463311638
K07283.01,0.029860116609900976
K05408.01,0.02935033989673777
K05499.01,0.028635764583122218
K07930.01,0.028118862008468245
K04926.01,0.02801119963963578
K07074.01,0.02710527072879798
K03088.02,0.02692833906741892
K03395.02,0.026524846268434744
K05021.01,0.026482511202987214
K08201.01,0.02528786504174605
K01807.01,0.025134257076315846
K00435.02,0.024856617142300835
K06570.01,0.024351731671503483
K05682.01,0.023803792428134442
K02261.02,0.02239927643983674
K06676.01,0.022067966148478016
K07712.01,0.021824547885797286
K05585.01,0.021049662714683372
K07281.01,0.01990531585805105
K06985.01,0.019232495720663066
K05067.01,0.018695596256078435
K04822.01,0.018604644614425375
K05048.01,0.018509317692136536
K02324.01,0.017879336969818423
K06454.01,0.01760830466980091
K00337.02,0.017298345233852194
K08275.01,0.016702992818959914
K05684.01,0.01613470966014823
K01064.01,0.015777760192296854
K07992.01,0.015565351262772859
K07231.02,0.01537076420345933
K05740.01,0.01495569096906986
K05833.01,0.013316400233786687
K05033.01,0.012408219538196381
K01421.01,0.011054057457203753
K05480.01,0.010483369448812436
K05578.01,0.010341161047146821
K05269.01,0.010241768284164968
K05379.01,0.010072130666259138
K01206.01,0.00978085416146729
K06648.01,0.009171228829749637
K07703.01,0.00785751706746437
K07180.01,0.007777001162738421
K04583.01,0.007225557279155277
K04418.01,0.006842410405502678
K08048.01,0.0067123548983883995
K03191.02,0.0064415004557436375
K06245.02,0.006422048898980109
K03043.02,0.0063517944984416335
K05283.01,0.006297565075465837
K04991.01,0.005852799880951418
K05592.01,0.005619773584749164
K07455.01,0.005429925737474042
K05487.01,0.0051559017738091
K02678.02,0.004938347339352102
K03692.01,0.004812315718837234
K05406.01,0.0044664950996202765
K04724.01,0.004397601917921766
K05506.01,0.004148359095387309
K07847.01,0.003935726630106633
K08241.01,0.0038399075961779764
K05231.01,0.0035908014462444795
K08174.01,0.003584413152312605
K04923.01,0.0032504118360869158
K06361.01,0.0031266910728411103
K06450.01,0.0030274468465605023
K08061.01,0.003020405209085731
K04359.01,0.0029770638685184666
K05776.01,0.0028043975750319276
K07594.01,0.0026721365266549235
K05712.01,0.0026526590258356725
K03401.02,0.002645099043937875
K02639.02,0.0024474787463694366
K05819.01,0.00242161137236812
K00823.01,0.0022561862977004904
K07589.01,0.0022186323768551546
K06705.01,0.0021576899427393392
K05608.01,0.0021028683012382504
K05752.01,0.002094507955060197
K04047.01,0.0019532542913744933
K05205.01,0.0019215217827202595
K05393.01,0.0018832300231682681
K05657.01,0.0018441429802398717
K05960.01,0.0016763828590831784
K07224.01,0.0016490675690158925
K05092.01,0.0016037425707200227
K05324.01,0.0015992000243185446
K04976.01,0.0015429599295424072
K08107.01,0.001519912926752803
K02167.02,0.0013804674283508377
K08047.01,0.0013782101725418518
K05202.01,0.00128246107991768
K05079.01,0.0012219871772353949
K06194.01,0.0011561532309498498
K08279.01,0.0011534462155585433
K06449.01,0.0011286105484935274
K05514.01,0.0011255306610964
K08180.01,0.0010631987307188893
K05801.01,0.0010448552714926384
K04716.02,0.0010309511600202462
K06141.01,0.0010151329408574043
K03522.01,0.0009934886907004888
K06176.01,0.0009919264918496918
K04368.02,0.0009681995645743092
K04772.02,0.0009406397665300852
K07259.01,0.0009201435336234382
K01140.01,0.0008846490631992196
K05747.01,0.0007421282387028377
K05085.01,0.0007270088725857053
K07199.01,0.0006914187951531207
K05591.01,0.0006884269988416258
K07673.01,0.0006795590792371918
K06384.01,0.0006490695204351853
K04988.01,0.0005655977111267428
K06862.01,0.0005645301424808997
K04878.01,0.0005576441965601716
K07136.01,0.0005556714426472985
K05639.01,0.0005365682731490715
K07932.01,0.0005125247198878223
K03504.02,0.0005026254457605599
K05373.01,0.0004983224414741873
K05830.01,0.0004983220291113638
K05230.01,0.00048983344579604
K05798.01,0.00045924339966618754
K05157.01,0.0004529391309338884
K05694.01,0.0004514998551087926
K06111.01,0.00045070526945228625
K05815.01,0.00043995520541933525
K04958.01,0.0004276944855944829
K02160.02,0.00041925986832925437
K05689.01,0.0003932072056934989
K07368.01,0.000383713699289635
K05799.01,0.0003766466669881514
K08163.01,0.00037254362237005233
K06753.01,0.0003649653832166457
K03456.02,0.0003628677155225832
K05016.01,0.000360147143994491
K06697.01,0.00035162953472848437
K07483.01,0.0003500327417656755
K05603.01,0.0003425734690985635
K05918.01,0.00032470365604849545
K05099.01,0.0002976152164499127
K01945.02,0.0002932069434523865
K05047.01,0.00029109748817055794
K05968.01,0.00028531573237302254
K07938.01,0.0002840264976544905
K06734.01,0.0002718925004783489
K04426.01,0.00027145907834347265
K08242.01,0.00027119311458518957
K01922.02,0.0002672098853248963
K01940.02,0.0002583062477592797
K04807.01,0.000251514314168602
K05129.01,0.00024041885056559395
K07470.01,0.00023770376579930388
K02222.01,0.0002355309932326584
K06447.02,0.00022942511599794034
K07534.01,0.00022859556395512184
K06516.02,0.00022408035052632304
K05806.01,0.00021788784111291526
K01677.02,0.00020817347848601993
K05528.01,0.00020552268237362562
K06605.01,0.00019617850857192557
K06242.02,0.0001948420315489103
K06224.01,0.0001874964375632235
K01729.01,0.00018733104899500797
K05938.01,0.0001842741497207865
K05660.01,0.0001819119653142212
K05546.01,0.00018089601666350743
K07094.01,0.00017989595751193618
K05004.01,0.00017075200414117
K07562.01,0.00016630046341245636
K05423.01,0.00016540651318467043
K07953.01,0.00016486267005698344
K07572.01,0.00016261254496559142
K01616.02,0.0001612095336763929
K06238.01,0.00015561047249156726
K06210.01,0.00015224445407749124
K02311.02,0.00014357588994829692
K05541.01,0.0001380301372796164
K01296.01,0.00012534493658540659
K06884.01,0.00011646668614503918
K06216.02,0.00011440155379123953
K05939.01,0.00011335247025046103
K05795.01,0.00010668460252807851
K07593.01,0.00010601768504551252
K05645.01,0.00010432373730285104
K06180.01,0.00010347874947517296
K05638.01,0.00010281852279205175
K01445.03,9.884794550639983e-05
K03541.01,9.794210560251758e-05
K08253.01,9.369705848598204e-05
K06489.01,8.581492146760888e-05
K01858.02,8.472852198403608e-05
K00347.01,8.226531243483401e-05
K00004.01,7.972276614102369e-05
K05583.01,7.925488077223502e-05
K02188.02,7.912642081608891e-05
K07040.01,6.970745250735243e-05
K05612.01,6.933011919906056e-05
K08272.01,6.718085579891709e-05
K01639.02,6.679274527249569e-05
K06242.01,6.541602147256956e-05
K05642.01,6.281205141921171e-05
K05380.01,6.270581038422834e-05
K05247.01,5.901618913717507e-05
K00492.02,5.6689242551828834e-05
K06835.01,5.292165469359154e-05
K07928.01,5.1708252599353456e-05
K05925.01,4.937303329883931e-05
K05290.01,4.823994535411693e-05
K07226.01,4.562834561153344e-05
K01448.01,4.53085091783912e-05
K05520.01,4.4795817180445545e-05
K07716.01,4.473603326171002e-05
K04986.01,4.2264680877921746e-05
K04333.01,4.183717839182144e-05
K06598.01,3.831265201100045e-05
K05613.01,3.794881300997362e-05
K07179.01,3.785161008134035e-05
K00126.02,3.7751492628935466e-05
K05671.01,3.510129854430456e-05
K02339.02,3.457461148652267e-05
K05928.01,3.4502784537926136e-05
K06574.01,3.384217430539739e-05
K06341.01,3.345821049720099e-05
K03503.02,3.238300401451138e-05
K07607.01,3.205253920565435e-05
K06150.01,3.113046145542401e-05
K02323.01,3.0448376715540117e-05
K08011.01,2.9939573806993307e-05
K05372.01,2.7918882688401554e-05
K02410.02,2.529586416972449e-05
K03028.02,2.522547884060936e-05
K01316.02,2.493220959065316e-05
K05839.01,2.3443516622927986e-05
K06115.01,2.2702471931433833e-05
K00005.02,2.2425534591956633e-05
K06242.03,2.1746054299932607e-05
K01541.01,2.1399290798862295e-05
K03197.01,2.093998481833983e-05
K05852.01,2.0261269852499946e-05
K07360.01,1.7668508403031155e-05
K07111.01,1.6466637108562933e-05
K05885.01,1.6260580207500907e-05
K02640.01,1.6116434918387518e-05
K05030.01,1.4777889191186376e-05
K05718.01,1.4279547624019738e-05
K04978.01,1.3478664441960723e-05
K05500.01,1.2902206280994786e-05
K00971.01,1.21680973348774e-05
K05954.01,1.162525120441159e-05
K06745.01,1.0389419973238393e-05
K02311.01,9.989067821613287e-06
K05633.01,9.865878375460022e-06
K05087.01,9.754523214235235e-06
K05604.01,9.744976627631163e-06
K04886.01,9.714487658846424e-06
K05936.01,9.29417270916985e-06
K06151.01,8.973414446071717e-06
K05216.01,8.709203572020605e-06
K05656.01,8.705188359905814e-06
K01739.01,8.631381938207944e-06
K00182.01,8.233651072163478e-06
K06819.01,8.175743168868903e-06
K00989.03,8.123285161123898e-06
K07791.01,7.821561961605785e-06
K02410.01,7.76519867414839e-06
K04388.02,7.507610896320422e-06
K05935.01,7.307545623136999e-06
K07596.01,7.210756333054368e-06
K07255.01,6.929657835795398e-06
K05807.01,6.685445075369183e-06
K06759.01,6.66473035447295e-06
K05837.01,6.423083610228336e-06
K05785.01,6.38206451241721e-06
K06202.01,6.005634418742157e-06
K06610.01,5.738789801250163e-06
K04960.01,5.606238412702226e-06
K05680.01,5.010805441525165e-06
K01192.01,4.60270469990644e-06
K05959.01,4.543326197245641e-06
K04462.01,4.201579680619191e-06
K05517.01,4.175065669844026e-06
K05810.01,4.043132365508646e-06
K07554.01,3.8962205980431915e-06
K06102.01,3.8743673438583564e-06
K05966.01,3.7100955838878007e-06
K05941.01,3.1926441007766907e-06
K05158.01,3.1409747933300985e-06
K06542.01,3.0194770309289147e-06
K05533.01,2.7727089151881654e-06
K05577.01,2.643072835805034e-06
K05707.01,2.1998479942291727e-06
K01356.01,2.1712523290058573e-06
K01198.04,2.126301126744835e-06
K01070.03,2.020659199793705e-06
K05888.01,1.9306328764402352e-06
K05877.01,1.7079265385628408e-06
K05101.01,1.6987876368772197e-06
K07061.01,1.5901750194171082e-06
K05825.01,1.558142209933378e-06
K05902.01,1.4539900305857333e-06
K05164.01,1.385309181099134e-06
K05248.01,1.3475958828478278e-06
K05829.01,1.3054442529321295e-06
K05835.01,1.2887563019398606e-06
K06120.02,1.2736831118339423e-06
K06906.01,1.2336729052080806e-06
K05949.01,1.0813582659879994e-06
K05353.01,1.0347239888632498e-06
K05554.01,9.985186141748776e-07
K06250.01,9.216510501527777e-07
K00364.01,8.673409521539546e-07
K05629.01,6.836151925905834e-07
K05413.01,5.937298859145346e-07
K05911.01,5.26442188265685e-07
K05511.01,5.097091281083672e-07
K07131.01,4.465347790523043e-07
K07330.01,3.4217027995815536e-07
K01075.01,3.2624774255743245e-07
K08157.01,2.551025630490011e-07
K07198.01,2.5435108257522474e-07
K05737.01,2.513699927500814e-07
K05156.01,2.409576532691239e-07
K05702.01,1.9009761623514288e-07
K04253.01,1.8987458763783662e-07
K06156.01,1.5172249241818146e-07
K04898.01,1.3286356784646777e-07
K05666.01,1.2936329716601225e-07
K06425.01,1.0623475790768766e-07
K03572.01,8.18063958040828e-08
K02474.01,7.58570883394429e-08
K06346.01,7.436004708055333e-08
K01154.01,6.39752231012225e-08
K06889.01,6.096571213808955e-08
K05913.01,5.290673694476194e-08
K05237.01,4.78937252991124e-08
K05398.01,4.3271462080017574e-08
K07235.01,4.171714593608736e-08
K06372.01,3.4922537235726446e-08
K06239.01,3.370574344130181e-08
K05176.01,3.299094512812413e-08
K06941.01,3.171315816334885e-08
K05449.01,1.83412439536038e-08
K06619.01,1.7540438818281725e-08
K07599.01,1.7144039509254466e-08
K05254.01,1.3187367406283848e-08
K06016.01,1.1861543830334539e-08
K01714.01,8.598714668436078e-09
K05497.01,8.453275864636848e-09
K01539.01,8.217181802822253e-09
K07045.01,7.52263116874347e-09
K07410.01,4.678113032050466e-09
K06230.01,3.394597831636305e-09
K07865.01,3.284863219369061e-09
K05570.01,2.7946905812120046e-09
K00619.01,2.6353760978626625e-09
K02224.02,1.3795656712454999e-09
K05545.01,9.122480385422911e-10
K06108.01,4.838254514365347e-10
K05948.01,4.293914628612266e-10
K06715.01,2.5379150274645896e-10
K07100.01,1.08126059594801e-11
